"","opt","ins","net.wrth"
"1","noadpt",1,701903.007712333
"2","noadpt",0,673188.698139431
"3","noadpt",1,764092.931897048
"4","noadpt",0,760005.314634856
"5","noadpt",1,836511.306405473
"6","noadpt",0,824502.828003981
"7","noadpt",1,730455.240255806
"8","noadpt",0,719528.334342972
"9","noadpt",1,757336.790824661
"10","noadpt",0,664779.003338193
"11","noadpt",1,841327.949984336
"12","noadpt",0,838841.852716036
"13","noadpt",1,754297.521296593
"14","noadpt",0,703877.226958497
"15","noadpt",1,748484.77660901
"16","noadpt",0,730601.522548079
"17","noadpt",1,772283.031748225
"18","noadpt",0,749666.805427564
"19","noadpt",1,703884.446780776
"20","noadpt",0,694983.59684805
"21","noadpt",1,806087.439257786
"22","noadpt",0,794991.793533793
"23","noadpt",1,803021.773469745
"24","noadpt",0,787467.525798212
"25","noadpt",1,802941.02567824
"26","noadpt",0,794991.793533793
"27","noadpt",1,694975.554697906
"28","noadpt",0,679485.728580517
"29","noadpt",1,840831.866575986
"30","noadpt",0,838841.852716036
"31","noadpt",1,744470.604931774
"32","noadpt",0,730601.522548079
"33","noadpt",1,663785.304604683
"34","noadpt",0,630627.317563799
"35","noadpt",1,811579.220945103
"36","noadpt",0,787467.525798212
"37","noadpt",1,728371.559162665
"38","noadpt",0,695540.807898523
"39","noadpt",1,695971.36204321
"40","noadpt",0,690796.275508481
"41","noadpt",1,711258.370080161
"42","noadpt",0,693162.160170288
"43","noadpt",1,698896.79615862
"44","noadpt",0,679485.728580517
"45","noadpt",1,695258.212171378
"46","noadpt",0,690796.275508481
"47","noadpt",1,840630.21840896
"48","noadpt",0,838841.852716036
"49","noadpt",1,810903.337772814
"50","noadpt",0,787467.525798212
"51","noadpt",1,712959.144447737
"52","noadpt",0,706383.359205162
"53","noadpt",1,832554.377942932
"54","noadpt",0,824502.828003981
"55","noadpt",1,679482.109493831
"56","noadpt",0,673506.463989792
"57","noadpt",1,832763.18780891
"58","noadpt",0,806088.962985393
"59","noadpt",1,682300.382404504
"60","noadpt",0,654672.898142723
"61","noadpt",1,681569.203813215
"62","noadpt",0,668923.87678782
"63","noadpt",1,785474.569674581
"64","noadpt",0,783742.847284909
"65","noadpt",1,678079.016236937
"66","noadpt",0,673506.463989792
"67","noadpt",1,769363.167128183
"68","noadpt",0,749666.805427564
"69","noadpt",1,652665.480844391
"70","noadpt",0,636647.793048499
"71","noadpt",1,780297.065493557
"72","noadpt",0,664779.003338193
"73","noadpt",1,656817.185998716
"74","noadpt",0,630627.317563799
"75","noadpt",1,708384.83397515
"76","noadpt",0,678417.417537953
"77","noadpt",1,785450.388772586
"78","noadpt",0,783742.847284909
"79","noadpt",1,706466.242142702
"80","noadpt",0,698903.068459784
"81","noadpt",1,714111.573228236
"82","noadpt",0,706383.359205162
"83","noadpt",1,745016.300444018
"84","noadpt",0,740111.208475808
"85","noadpt",1,694593.593889529
"86","noadpt",0,699663.268583966
"87","noadpt",1,834415.667835097
"88","noadpt",0,826049.914637322
"89","noadpt",1,687193.740961229
"90","noadpt",0,679485.728580517
"91","noadpt",1,695819.727823126
"92","noadpt",0,690796.275508481
"93","noadpt",1,642631.206649643
"94","noadpt",0,618218.458206874
"95","noadpt",1,704756.252151646
"96","noadpt",0,693162.160170288
"97","noadpt",1,778392.081443209
"98","noadpt",0,749666.805427564
"99","noadpt",1,641121.806844109
"100","noadpt",0,608155.111658862
"101","noadpt",1,789503.992654915
"102","noadpt",0,766805.050933618
"103","noadpt",1,765582.756553339
"104","noadpt",0,760005.314634856
"105","noadpt",1,835160.796505077
"106","noadpt",0,828919.473040528
"107","noadpt",1,695129.08262183
"108","noadpt",0,690796.275508481
"109","noadpt",1,692586.997813213
"110","noadpt",0,679485.728580517
"111","noadpt",1,646034.149771974
"112","noadpt",0,608155.111658862
"113","noadpt",1,807893.80837649
"114","noadpt",0,700932.031586051
"115","noadpt",1,694251.352960859
"116","noadpt",0,679485.728580517
"117","noadpt",1,707845.988115071
"118","noadpt",0,685834.312160322
"119","noadpt",1,694199.479132286
"120","noadpt",0,690796.275508481
"121","noadpt",1,769613.300796879
"122","noadpt",0,760005.314634856
"123","noadpt",1,734914.023789207
"124","noadpt",0,719528.334342972
"125","noadpt",1,845135.513845046
"126","noadpt",0,846233.276263254
"127","noadpt",1,679029.427902505
"128","noadpt",0,673506.463989792
"129","noadpt",1,641871.663052737
"130","noadpt",0,608155.111658862
"131","noadpt",1,722392.398988809
"132","noadpt",0,712859.64625358
"133","noadpt",1,725146.657711689
"134","noadpt",0,731837.438938878
"135","noadpt",1,736338.130460136
"136","noadpt",0,695540.807898523
"137","noadpt",1,662513.913683971
"138","noadpt",0,636647.793048499
"139","noadpt",1,659742.95750547
"140","noadpt",0,628086.731066382
"141","noadpt",1,690996.718530924
"142","noadpt",0,679485.728580517
"143","noadpt",1,721580.760111033
"144","noadpt",0,717842.93898144
"145","noadpt",1,717670.428017399
"146","noadpt",0,706383.359205162
"147","noadpt",1,845705.354687601
"148","noadpt",0,846233.276263254
"149","noadpt",1,725261.335029259
"150","noadpt",0,717842.93898144
"151","noadpt",1,754039.861548697
"152","noadpt",0,743994.819017379
"153","noadpt",1,662810.160189836
"154","noadpt",0,622317.097915591
"155","noadpt",1,672620.445833362
"156","noadpt",0,636647.793048499
"157","noadpt",1,757044.674144557
"158","noadpt",0,743994.819017379
"159","noadpt",1,754197.390870572
"160","noadpt",0,743994.819017379
"161","noadpt",1,691335.639401637
"162","noadpt",0,632481.150403389
"163","noadpt",1,833622.605663587
"164","noadpt",0,828919.473040528
"165","noadpt",1,722132.64354738
"166","noadpt",0,731837.438938878
"167","noadpt",1,793088.768298862
"168","noadpt",0,766805.050933618
"169","noadpt",1,724873.169586971
"170","noadpt",0,731837.438938878
"171","noadpt",1,693990.80142138
"172","noadpt",0,677720.873979838
"173","noadpt",1,652263.590257082
"174","noadpt",0,630627.317563799
"175","noadpt",1,835141.942718121
"176","noadpt",0,824502.828003981
"177","noadpt",1,819245.595478715
"178","noadpt",0,804432.570493911
"179","noadpt",1,826076.941518155
"180","noadpt",0,804432.570493911
"181","noadpt",1,756306.694131835
"182","noadpt",0,757037.762691061
"183","noadpt",1,684288.565757726
"184","noadpt",0,653480.193082727
"185","noadpt",1,703055.619595774
"186","noadpt",0,678417.417537953
"187","noadpt",1,753351.607900314
"188","noadpt",0,743994.819017379
"189","noadpt",1,761195.129550613
"190","noadpt",0,751457.975174727
"191","noadpt",1,832016.92037116
"192","noadpt",0,828919.473040528
"193","noadpt",1,785190.563129193
"194","noadpt",0,783742.847284909
"195","noadpt",1,827927.084989318
"196","noadpt",0,806088.962985393
"197","noadpt",1,687927.708192566
"198","noadpt",0,673188.698139431
"199","noadpt",1,638155.090036973
"200","noadpt",0,618218.458206874
"201","noadpt",1,769479.492024792
"202","noadpt",0,751457.975174727
"203","noadpt",1,740974.73544449
"204","noadpt",0,730601.522548079
"205","noadpt",1,668696.215736996
"206","noadpt",0,628086.731066382
"207","noadpt",1,656370.355173934
"208","noadpt",0,628086.731066382
"209","noadpt",1,789403.788285938
"210","noadpt",0,782286.429212471
"211","noadpt",1,672061.717419819
"212","noadpt",0,653480.193082727
"213","noadpt",1,788155.886469141
"214","noadpt",0,766805.050933618
"215","noadpt",1,765479.785319506
"216","noadpt",0,760005.314634856
"217","noadpt",1,723178.854124905
"218","noadpt",0,632481.150403389
"219","noadpt",1,708489.858622598
"220","noadpt",0,632481.150403389
"221","noadpt",1,744728.266637926
"222","noadpt",0,740111.208475808
"223","noadpt",1,677434.15900164
"224","noadpt",0,673506.463989792
"225","noadpt",1,745703.732646207
"226","noadpt",0,740111.208475808
"227","noadpt",1,833086.415783748
"228","noadpt",0,806088.962985393
"229","noadpt",1,679892.23770752
"230","noadpt",0,653480.193082727
"231","noadpt",1,721740.502968655
"232","noadpt",0,731837.438938878
"233","noadpt",1,678762.966375501
"234","noadpt",0,653480.193082727
"235","noadpt",1,676210.469588024
"236","noadpt",0,632481.150403389
"237","noadpt",1,730497.057028328
"238","noadpt",0,719528.334342972
"239","noadpt",1,694354.276613492
"240","noadpt",0,690796.275508481
"241","noadpt",1,651794.647094496
"242","noadpt",0,638941.263064015
"243","noadpt",1,699008.534192703
"244","noadpt",0,685450.667784964
"245","noadpt",1,844137.223438395
"246","noadpt",0,806088.962985393
"247","noadpt",1,700091.07244107
"248","noadpt",0,687154.478387915
"249","noadpt",1,788483.800340238
"250","noadpt",0,782286.429212471
"251","noadpt",1,662209.537904494
"252","noadpt",0,636647.793048499
"253","noadpt",1,693438.641872414
"254","noadpt",0,673188.698139431
"255","noadpt",1,834949.481455108
"256","noadpt",0,828919.473040528
"257","noadpt",1,763889.704378105
"258","noadpt",0,760005.314634856
"259","noadpt",1,705291.374620924
"260","noadpt",0,687154.478387915
"261","noadpt",1,653099.103210263
"262","noadpt",0,638941.263064015
"263","noadpt",1,725261.723770406
"264","noadpt",0,717842.93898144
"265","noadpt",1,839577.995607274
"266","noadpt",0,838841.852716036
"267","noadpt",1,662295.329359941
"268","noadpt",0,630627.317563799
"269","noadpt",1,632212.495783781
"270","noadpt",0,620303.695448976
"271","noadpt",1,840044.48202932
"272","noadpt",0,838841.852716036
"273","noadpt",1,677861.685951941
"274","noadpt",0,673506.463989792
"275","noadpt",1,692514.901645851
"276","noadpt",0,678736.11780164
"277","noadpt",1,751914.586321102
"278","noadpt",0,664779.003338193
"279","noadpt",1,780473.590415663
"280","noadpt",0,749666.805427564
"281","noadpt",1,663203.171675402
"282","noadpt",0,638941.263064015
"283","noadpt",1,728338.628259324
"284","noadpt",0,719528.334342972
"285","noadpt",1,653154.659367208
"286","noadpt",0,638941.263064015
"287","noadpt",1,653972.456306215
"288","noadpt",0,630627.317563799
"289","noadpt",1,790487.904087547
"290","noadpt",0,782286.429212471
"291","noadpt",1,653713.285142403
"292","noadpt",0,638941.263064015
"293","noadpt",1,702954.907568812
"294","noadpt",0,694983.59684805
"295","noadpt",1,840614.652573868
"296","noadpt",0,838841.852716036
"297","noadpt",1,718034.005668092
"298","noadpt",0,706383.359205162
"299","noadpt",1,835199.123867759
"300","noadpt",0,817159.242868053
"301","noadpt",1,691639.760596759
"302","noadpt",0,673188.698139431
"303","noadpt",1,628033.978088867
"304","noadpt",0,620303.695448976
"305","noadpt",1,727489.540927439
"306","noadpt",0,719528.334342972
"307","noadpt",1,767481.429602498
"308","noadpt",0,712551.44644416
"309","noadpt",1,785532.720460888
"310","noadpt",0,783742.847284909
"311","noadpt",1,724601.368348794
"312","noadpt",0,731837.438938878
"313","noadpt",1,744753.832941916
"314","noadpt",0,740111.208475808
"315","noadpt",1,721945.759169785
"316","noadpt",0,731837.438938878
"317","noadpt",1,736983.606994299
"318","noadpt",0,695540.807898523
"319","noadpt",1,892737.316230375
"320","noadpt",0,897188.520075122
"321","noadpt",1,833092.44877015
"322","noadpt",0,824502.828003981
"323","noadpt",1,760844.413666981
"324","noadpt",0,749666.805427564
"325","noadpt",1,840241.954734019
"326","noadpt",0,838841.852716036
"327","noadpt",1,713165.533803882
"328","noadpt",0,693162.160170288
"329","noadpt",1,833553.893860346
"330","noadpt",0,824502.828003981
"331","noadpt",1,696353.507574868
"332","noadpt",0,690796.275508481
"333","noadpt",1,697368.004466175
"334","noadpt",0,685450.667784964
"335","noadpt",1,633080.599657297
"336","noadpt",0,620303.695448976
"337","noadpt",1,825595.825881884
"338","noadpt",0,804432.570493911
"339","noadpt",1,702426.222847172
"340","noadpt",0,694983.59684805
"341","noadpt",1,764429.583444122
"342","noadpt",0,703877.226958497
"343","noadpt",1,788269.038992506
"344","noadpt",0,782286.429212471
"345","noadpt",1,817457.318287095
"346","noadpt",0,787467.525798212
"347","noadpt",1,735665.061357949
"348","noadpt",0,719528.334342972
"349","noadpt",1,694687.542496772
"350","noadpt",0,679485.728580517
"351","noadpt",1,778551.946695428
"352","noadpt",0,700932.031586051
"353","noadpt",1,650913.701019683
"354","noadpt",0,628086.731066382
"355","noadpt",1,822670.645649499
"356","noadpt",0,804432.570493911
"357","noadpt",1,685386.14838724
"358","noadpt",0,632481.150403389
"359","noadpt",1,776769.329890991
"360","noadpt",0,766805.050933618
"361","noadpt",1,708738.387421417
"362","noadpt",0,632481.150403389
"363","noadpt",1,766170.057516249
"364","noadpt",0,760005.314634856
"365","noadpt",1,775370.266448665
"366","noadpt",0,760526.4122432
"367","noadpt",1,713459.35985577
"368","noadpt",0,706383.359205162
"369","noadpt",1,788672.318174548
"370","noadpt",0,782286.429212471
"371","noadpt",1,832907.778073952
"372","noadpt",0,828919.473040528
"373","noadpt",1,756024.911064953
"374","noadpt",0,757037.762691061
"375","noadpt",1,749729.897757199
"376","noadpt",0,743994.819017379
"377","noadpt",1,745255.936247136
"378","noadpt",0,740111.208475808
"379","noadpt",1,706509.765750395
"380","noadpt",0,687154.478387915
"381","noadpt",1,893461.545863308
"382","noadpt",0,897188.520075122
"383","noadpt",1,667565.729364302
"384","noadpt",0,651619.422788467
"385","noadpt",1,695718.550301835
"386","noadpt",0,690796.275508481
"387","noadpt",1,771237.256068985
"388","noadpt",0,703877.226958497
"389","noadpt",1,627296.9278913
"390","noadpt",0,616615.923559374
"391","noadpt",1,634178.083569328
"392","noadpt",0,616615.923559374
"393","noadpt",1,712186.284160584
"394","noadpt",0,632481.150403389
"395","noadpt",1,760629.865542713
"396","noadpt",0,703877.226958497
"397","noadpt",1,697598.851157124
"398","noadpt",0,673188.698139431
"399","noadpt",1,681978.423272339
"400","noadpt",0,657490.123460447
"401","noadpt",1,695533.248238665
"402","noadpt",0,679485.728580517
"403","noadpt",1,718008.389024328
"404","noadpt",0,706383.359205162
"405","noadpt",1,731182.566173184
"406","noadpt",0,719528.334342972
"407","noadpt",1,845170.284731071
"408","noadpt",0,846233.276263254
"409","noadpt",1,653232.740084065
"410","noadpt",0,636647.793048499
"411","noadpt",1,679480.646729533
"412","noadpt",0,654672.898142723
"413","noadpt",1,634236.096736041
"414","noadpt",0,620303.695448976
"415","noadpt",1,652527.305406725
"416","noadpt",0,622317.097915591
"417","noadpt",1,845086.517185737
"418","noadpt",0,846233.276263254
"419","noadpt",1,692628.046054418
"420","noadpt",0,677720.873979838
"421","noadpt",1,644051.287535227
"422","noadpt",0,608155.111658862
"423","noadpt",1,644247.148836023
"424","noadpt",0,608155.111658862
"425","noadpt",1,818370.674710165
"426","noadpt",0,804432.570493911
"427","noadpt",1,894449.717699561
"428","noadpt",0,897188.520075122
"429","noadpt",1,695952.630590777
"430","noadpt",0,678417.417537953
"431","noadpt",1,628555.423924117
"432","noadpt",0,616615.923559374
"433","noadpt",1,747304.276543569
"434","noadpt",0,703877.226958497
"435","noadpt",1,789077.173155708
"436","noadpt",0,766805.050933618
"437","noadpt",1,735109.761425316
"438","noadpt",0,695540.807898523
"439","noadpt",1,629355.441423452
"440","noadpt",0,616615.923559374
"441","noadpt",1,660428.54909788
"442","noadpt",0,651619.422788467
"443","noadpt",1,696155.627739677
"444","noadpt",0,678736.11780164
"445","noadpt",1,788596.382881391
"446","noadpt",0,782286.429212471
"447","noadpt",1,752143.850357255
"448","noadpt",0,743994.819017379
"449","noadpt",1,660122.35072149
"450","noadpt",0,636647.793048499
"451","noadpt",1,765292.528591912
"452","noadpt",0,760005.314634856
"453","noadpt",1,812018.250404909
"454","noadpt",0,787467.525798212
"455","noadpt",1,747689.259784358
"456","noadpt",0,700932.031586051
"457","noadpt",1,707053.97545668
"458","noadpt",0,678417.417537953
"459","noadpt",1,745529.631066136
"460","noadpt",0,700932.031586051
"461","noadpt",1,686365.024798954
"462","noadpt",0,654672.898142723
"463","noadpt",1,699980.667320042
"464","noadpt",0,685450.667784964
"465","noadpt",1,679334.868525454
"466","noadpt",0,673506.463989792
"467","noadpt",1,687187.552103659
"468","noadpt",0,657490.123460447
"469","noadpt",1,672176.941871837
"470","noadpt",0,657490.123460447
"471","noadpt",1,802780.012399733
"472","noadpt",0,787467.525798212
"473","noadpt",1,708990.777592457
"474","noadpt",0,693162.160170288
"475","noadpt",1,729751.983960238
"476","noadpt",0,719528.334342972
"477","noadpt",1,657340.50473441
"478","noadpt",0,628086.731066382
"479","noadpt",1,764824.909212465
"480","noadpt",0,760005.314634856
"481","noadpt",1,757091.449611125
"482","noadpt",0,700932.031586051
"483","noadpt",1,704476.636240259
"484","noadpt",0,698903.068459784
"485","noadpt",1,723336.226068343
"486","noadpt",0,731837.438938878
"487","noadpt",1,829436.444106399
"488","noadpt",0,806088.962985393
"489","noadpt",1,789423.49458891
"490","noadpt",0,782286.429212471
"491","noadpt",1,760155.392072815
"492","noadpt",0,743994.819017379
"493","noadpt",1,710134.506609743
"494","noadpt",0,698903.068459784
"495","noadpt",1,705149.960819903
"496","noadpt",0,685834.312160322
"497","noadpt",1,756295.544145396
"498","noadpt",0,757037.762691061
"499","noadpt",1,661743.86943386
"500","noadpt",0,618218.458206874
"501","noadpt",1,673575.915526747
"502","noadpt",0,654672.898142723
"503","noadpt",1,688397.031905227
"504","noadpt",0,673188.698139431
"505","noadpt",1,699908.267314379
"506","noadpt",0,694983.59684805
"507","noadpt",1,719588.108752853
"508","noadpt",0,731837.438938878
"509","noadpt",1,633598.075954077
"510","noadpt",0,616615.923559374
"511","noadpt",1,755916.960135422
"512","noadpt",0,757037.762691061
"513","noadpt",1,776742.830664067
"514","noadpt",0,749666.805427564
"515","noadpt",1,834444.227523215
"516","noadpt",0,828919.473040528
"517","noadpt",1,821682.011685061
"518","noadpt",0,804432.570493911
"519","noadpt",1,777982.920884428
"520","noadpt",0,760526.4122432
"521","noadpt",1,697609.862500386
"522","noadpt",0,678736.11780164
"523","noadpt",1,671053.763709989
"524","noadpt",0,653480.193082727
"525","noadpt",1,744780.71832539
"526","noadpt",0,740111.208475808
"527","noadpt",1,716742.348161842
"528","noadpt",0,632481.150403389
"529","noadpt",1,759687.877278816
"530","noadpt",0,743994.819017379
"531","noadpt",1,659919.321592799
"532","noadpt",0,628086.731066382
"533","noadpt",1,709373.790217357
"534","noadpt",0,693162.160170288
"535","noadpt",1,755815.164415155
"536","noadpt",0,757037.762691061
"537","noadpt",1,710565.314358029
"538","noadpt",0,685834.312160322
"539","noadpt",1,720912.620996018
"540","noadpt",0,706383.359205162
"541","noadpt",1,725225.844476952
"542","noadpt",0,712859.64625358
"543","noadpt",1,696337.662701865
"544","noadpt",0,699663.268583966
"545","noadpt",1,652575.622458624
"546","noadpt",0,622317.097915591
"547","noadpt",1,653113.739747745
"548","noadpt",0,638941.263064015
"549","noadpt",1,654605.243715169
"550","noadpt",0,638941.263064015
"551","noadpt",1,767747.65512906
"552","noadpt",0,760005.314634856
"553","noadpt",1,809288.647447563
"554","noadpt",0,787467.525798212
"555","noadpt",1,816598.376882418
"556","noadpt",0,804432.570493911
"557","noadpt",1,763920.005504291
"558","noadpt",0,751457.975174727
"559","noadpt",1,747972.11194047
"560","noadpt",0,740111.208475808
"561","noadpt",1,711561.258773007
"562","noadpt",0,685834.312160322
"563","noadpt",1,711570.73999882
"564","noadpt",0,693162.160170288
"565","noadpt",1,835024.485345993
"566","noadpt",0,826049.914637322
"567","noadpt",1,832122.659009399
"568","noadpt",0,817159.242868053
"569","noadpt",1,759404.167043657
"570","noadpt",0,664779.003338193
"571","noadpt",1,741352.088975334
"572","noadpt",0,700932.031586051
"573","noadpt",1,715481.639969751
"574","noadpt",0,678417.417537953
"575","noadpt",1,745643.088351008
"576","noadpt",0,730601.522548079
"577","noadpt",1,750394.653702367
"578","noadpt",0,695540.807898523
"579","noadpt",1,838906.461504076
"580","noadpt",0,824502.828003981
"581","noadpt",1,831724.232942224
"582","noadpt",0,828919.473040528
"583","noadpt",1,718450.440414106
"584","noadpt",0,712859.64625358
"585","noadpt",1,677219.975939475
"586","noadpt",0,673506.463989792
"587","noadpt",1,642864.824226503
"588","noadpt",0,618218.458206874
"589","noadpt",1,698731.730049366
"590","noadpt",0,685450.667784964
"591","noadpt",1,729477.067276708
"592","noadpt",0,712859.64625358
"593","noadpt",1,667708.392488
"594","noadpt",0,622317.097915591
"595","noadpt",1,893957.814330452
"596","noadpt",0,897188.520075122
"597","noadpt",1,755888.118870615
"598","noadpt",0,757037.762691061
"599","noadpt",1,669972.123691809
"600","noadpt",0,628086.731066382
"601","noadpt",1,780971.39698985
"602","noadpt",0,766805.050933618
"603","noadpt",1,718904.987573712
"604","noadpt",0,706383.359205162
"605","noadpt",1,840631.379369181
"606","noadpt",0,838841.852716036
"607","noadpt",1,697412.100901987
"608","noadpt",0,679485.728580517
"609","noadpt",1,771955.42586067
"610","noadpt",0,703877.226958497
"611","noadpt",1,720519.599698268
"612","noadpt",0,731837.438938878
"613","noadpt",1,645839.712074849
"614","noadpt",0,618218.458206874
"615","noadpt",1,770102.598140872
"616","noadpt",0,700932.031586051
"617","noadpt",1,833842.811943738
"618","noadpt",0,826049.914637322
"619","noadpt",1,706291.761049767
"620","noadpt",0,698903.068459784
"621","noadpt",1,732367.993790708
"622","noadpt",0,712859.64625358
"623","noadpt",1,724362.189961989
"624","noadpt",0,717842.93898144
"625","noadpt",1,745191.200105658
"626","noadpt",0,740111.208475808
"627","noadpt",1,687918.181798728
"628","noadpt",0,685643.171777129
"629","noadpt",1,695797.959777786
"630","noadpt",0,685450.667784964
"631","noadpt",1,650883.832400844
"632","noadpt",0,608155.111658862
"633","noadpt",1,755566.135668403
"634","noadpt",0,757037.762691061
"635","noadpt",1,894049.188002643
"636","noadpt",0,897188.520075122
"637","noadpt",1,778578.79081709
"638","noadpt",0,749666.805427564
"639","noadpt",1,752213.182593456
"640","noadpt",0,743994.819017379
"641","noadpt",1,706338.228452472
"642","noadpt",0,632481.150403389
"643","noadpt",1,730965.109111019
"644","noadpt",0,712859.64625358
"645","noadpt",1,704441.625505947
"646","noadpt",0,693162.160170288
"647","noadpt",1,756407.838829527
"648","noadpt",0,757037.762691061
"649","noadpt",1,838113.753944274
"650","noadpt",0,826049.914637322
"651","noadpt",1,685213.204741449
"652","noadpt",0,677720.873979838
"653","noadpt",1,785223.787236219
"654","noadpt",0,783742.847284909
"655","noadpt",1,719920.854182465
"656","noadpt",0,731837.438938878
"657","noadpt",1,635967.184321051
"658","noadpt",0,616615.923559374
"659","noadpt",1,674860.769936051
"660","noadpt",0,651619.422788467
"661","noadpt",1,665292.590717859
"662","noadpt",0,636647.793048499
"663","noadpt",1,691923.232737132
"664","noadpt",0,677720.873979838
"665","noadpt",1,676874.241119948
"666","noadpt",0,673506.463989792
"667","noadpt",1,696611.169969718
"668","noadpt",0,679485.728580517
"669","noadpt",1,839997.131824891
"670","noadpt",0,838841.852716036
"671","noadpt",1,719877.683918827
"672","noadpt",0,712204.641906937
"673","noadpt",1,688460.091201955
"674","noadpt",0,685643.171777129
"675","noadpt",1,760082.763369555
"676","noadpt",0,751457.975174727
"677","noadpt",1,840227.998311996
"678","noadpt",0,838841.852716036
"679","noadpt",1,789422.961452476
"680","noadpt",0,782286.429212471
"681","noadpt",1,787135.577706423
"682","noadpt",0,782286.429212471
"683","noadpt",1,831393.345705502
"684","noadpt",0,824502.828003981
"685","noadpt",1,658787.466096092
"686","noadpt",0,630627.317563799
"687","noadpt",1,665026.637814388
"688","noadpt",0,651619.422788467
"689","noadpt",1,717601.841929984
"690","noadpt",0,731837.438938878
"691","noadpt",1,722008.904830751
"692","noadpt",0,717842.93898144
"693","noadpt",1,780928.392341918
"694","noadpt",0,766805.050933618
"695","noadpt",1,694868.568479611
"696","noadpt",0,677720.873979838
"697","noadpt",1,786213.189263797
"698","noadpt",0,783742.847284909
"699","noadpt",1,765170.888237686
"700","noadpt",0,703877.226958497
"701","noadpt",1,688130.484240593
"702","noadpt",0,685643.171777129
"703","noadpt",1,763284.794655221
"704","noadpt",0,751457.975174727
"705","noadpt",1,839834.114203177
"706","noadpt",0,838841.852716036
"707","noadpt",1,700177.603878795
"708","noadpt",0,673188.698139431
"709","noadpt",1,694774.795166833
"710","noadpt",0,677720.873979838
"711","noadpt",1,690445.802834997
"712","noadpt",0,677720.873979838
"713","noadpt",1,708334.857788235
"714","noadpt",0,694983.59684805
"715","noadpt",1,696861.898332532
"716","noadpt",0,677720.873979838
"717","noadpt",1,695829.920365094
"718","noadpt",0,690796.275508481
"719","noadpt",1,688320.77985895
"720","noadpt",0,685643.171777129
"721","noadpt",1,722301.195313215
"722","noadpt",0,712204.641906937
"723","noadpt",1,639130.518751919
"724","noadpt",0,608155.111658862
"725","noadpt",1,764538.347856213
"726","noadpt",0,749666.805427564
"727","noadpt",1,815156.768030587
"728","noadpt",0,787467.525798212
"729","noadpt",1,765457.103884338
"730","noadpt",0,751457.975174727
"731","noadpt",1,724810.814693164
"732","noadpt",0,712204.641906937
"733","noadpt",1,665307.05615203
"734","noadpt",0,622317.097915591
"735","noadpt",1,689980.075654679
"736","noadpt",0,685643.171777129
"737","noadpt",1,785453.745900333
"738","noadpt",0,783742.847284909
"739","noadpt",1,659128.899789658
"740","noadpt",0,638941.263064015
"741","noadpt",1,788072.349645134
"742","noadpt",0,782286.429212471
"743","noadpt",1,703199.087156251
"744","noadpt",0,678736.11780164
"745","noadpt",1,689562.598851215
"746","noadpt",0,685643.171777129
"747","noadpt",1,771950.313006137
"748","noadpt",0,760526.4122432
"749","noadpt",1,834704.63391178
"750","noadpt",0,828919.473040528
"751","noadpt",1,719447.177840707
"752","noadpt",0,731837.438938878
"753","noadpt",1,840495.478515714
"754","noadpt",0,826049.914637322
"755","noadpt",1,671002.428834587
"756","noadpt",0,654672.898142723
"757","noadpt",1,755327.731768244
"758","noadpt",0,757037.762691061
"759","noadpt",1,692967.383488769
"760","noadpt",0,678417.417537953
"761","noadpt",1,658495.793258734
"762","noadpt",0,638941.263064015
"763","noadpt",1,839802.025881257
"764","noadpt",0,838841.852716036
"765","noadpt",1,711648.525904821
"766","noadpt",0,678417.417537953
"767","noadpt",1,762962.413988942
"768","noadpt",0,749666.805427564
"769","noadpt",1,765539.063839226
"770","noadpt",0,703877.226958497
"771","noadpt",1,721052.867442928
"772","noadpt",0,712204.641906937
"773","noadpt",1,672301.10549457
"774","noadpt",0,651619.422788467
"775","noadpt",1,704723.453944712
"776","noadpt",0,698903.068459784
"777","noadpt",1,707111.446835563
"778","noadpt",0,693162.160170288
"779","noadpt",1,649302.722241862
"780","noadpt",0,630627.317563799
"781","noadpt",1,653589.131017225
"782","noadpt",0,630627.317563799
"783","noadpt",1,670018.312783008
"784","noadpt",0,654672.898142723
"785","noadpt",1,705065.975720042
"786","noadpt",0,694983.59684805
"787","noadpt",1,835148.990028847
"788","noadpt",0,826049.914637322
"789","noadpt",1,703485.201529259
"790","noadpt",0,694983.59684805
"791","noadpt",1,763555.156316286
"792","noadpt",0,751457.975174727
"793","noadpt",1,696176.915405025
"794","noadpt",0,690796.275508481
"795","noadpt",1,771109.011252409
"796","noadpt",0,664779.003338193
"797","noadpt",1,686985.30093183
"798","noadpt",0,685643.171777129
"799","noadpt",1,692658.599049777
"800","noadpt",0,679485.728580517
"801","noadpt",1,726839.240159515
"802","noadpt",0,719528.334342972
"803","noadpt",1,781521.824562569
"804","noadpt",0,766805.050933618
"805","noadpt",1,707461.668628299
"806","noadpt",0,698903.068459784
"807","noadpt",1,729700.461128734
"808","noadpt",0,712859.64625358
"809","noadpt",1,766484.520270094
"810","noadpt",0,749666.805427564
"811","noadpt",1,762586.960069521
"812","noadpt",0,700932.031586051
"813","noadpt",1,836487.430089785
"814","noadpt",0,828919.473040528
"815","noadpt",1,688172.078887664
"816","noadpt",0,685643.171777129
"817","noadpt",1,715065.951222652
"818","noadpt",0,685834.312160322
"819","noadpt",1,678503.234634052
"820","noadpt",0,673506.463989792
"821","noadpt",1,743034.191633364
"822","noadpt",0,712551.44644416
"823","noadpt",1,705229.2587217
"824","noadpt",0,678736.11780164
"825","noadpt",1,680920.8716407
"826","noadpt",0,654672.898142723
"827","noadpt",1,831306.334918816
"828","noadpt",0,817159.242868053
"829","noadpt",1,756037.492542845
"830","noadpt",0,757037.762691061
"831","noadpt",1,653124.717150857
"832","noadpt",0,638941.263064015
"833","noadpt",1,714632.555579256
"834","noadpt",0,706383.359205162
"835","noadpt",1,825763.18259245
"836","noadpt",0,804432.570493911
"837","noadpt",1,743734.459760405
"838","noadpt",0,740111.208475808
"839","noadpt",1,780814.973346624
"840","noadpt",0,703877.226958497
"841","noadpt",1,654099.801322321
"842","noadpt",0,630627.317563799
"843","noadpt",1,671652.680944686
"844","noadpt",0,651619.422788467
"845","noadpt",1,801342.474902432
"846","noadpt",0,787467.525798212
"847","noadpt",1,674615.172901875
"848","noadpt",0,628086.731066382
"849","noadpt",1,727813.062053004
"850","noadpt",0,712859.64625358
"851","noadpt",1,631114.188182537
"852","noadpt",0,620303.695448976
"853","noadpt",1,763600.617256687
"854","noadpt",0,760005.314634856
"855","noadpt",1,808845.700615071
"856","noadpt",0,787467.525798212
"857","noadpt",1,700532.95763755
"858","noadpt",0,694983.59684805
"859","noadpt",1,662920.563815425
"860","noadpt",0,636647.793048499
"861","noadpt",1,674980.098791966
"862","noadpt",0,651619.422788467
"863","noadpt",1,781696.644307539
"864","noadpt",0,766805.050933618
"865","noadpt",1,789470.358785206
"866","noadpt",0,766805.050933618
"867","noadpt",1,892498.39404812
"868","noadpt",0,897188.520075122
"869","noadpt",1,691309.962144235
"870","noadpt",0,678736.11780164
"871","noadpt",1,732303.061438562
"872","noadpt",0,695540.807898523
"873","noadpt",1,837898.104177379
"874","noadpt",0,826049.914637322
"875","noadpt",1,786398.342096479
"876","noadpt",0,712551.44644416
"877","noadpt",1,807973.010339416
"878","noadpt",0,787467.525798212
"879","noadpt",1,685011.670886588
"880","noadpt",0,668923.87678782
"881","noadpt",1,756419.726124052
"882","noadpt",0,757037.762691061
"883","noadpt",1,834705.255472024
"884","noadpt",0,806088.962985393
"885","noadpt",1,697583.421726065
"886","noadpt",0,699663.268583966
"887","noadpt",1,637196.942244196
"888","noadpt",0,608155.111658862
"889","noadpt",1,695162.281855648
"890","noadpt",0,699663.268583966
"891","noadpt",1,651181.881884382
"892","noadpt",0,622317.097915591
"893","noadpt",1,651296.979628387
"894","noadpt",0,636647.793048499
"895","noadpt",1,708179.617801858
"896","noadpt",0,693162.160170288
"897","noadpt",1,752374.244901505
"898","noadpt",0,703877.226958497
"899","noadpt",1,746848.304781542
"900","noadpt",0,703877.226958497
"901","noadpt",1,832244.032503382
"902","noadpt",0,824502.828003981
"903","noadpt",1,780110.980945432
"904","noadpt",0,766805.050933618
"905","noadpt",1,698360.735517861
"906","noadpt",0,678417.417537953
"907","noadpt",1,827444.598626348
"908","noadpt",0,817159.242868053
"909","noadpt",1,759429.590985463
"910","noadpt",0,703877.226958497
"911","noadpt",1,782976.6927581
"912","noadpt",0,749666.805427564
"913","noadpt",1,693157.153779883
"914","noadpt",0,690796.275508481
"915","noadpt",1,679261.853128012
"916","noadpt",0,651619.422788467
"917","noadpt",1,695564.637554002
"918","noadpt",0,677720.873979838
"919","noadpt",1,765403.209777699
"920","noadpt",0,700932.031586051
"921","noadpt",1,782541.899135846
"922","noadpt",0,700932.031586051
"923","noadpt",1,663811.434868649
"924","noadpt",0,628086.731066382
"925","noadpt",1,716693.852781604
"926","noadpt",0,632481.150403389
"927","noadpt",1,702534.325866859
"928","noadpt",0,678417.417537953
"929","noadpt",1,689377.776995419
"930","noadpt",0,653480.193082727
"931","noadpt",1,733930.867006608
"932","noadpt",0,664779.003338193
"933","noadpt",1,768812.879187759
"934","noadpt",0,751457.975174727
"935","noadpt",1,702046.764694728
"936","noadpt",0,694983.59684805
"937","noadpt",1,755102.634888485
"938","noadpt",0,743994.819017379
"939","noadpt",1,766372.197015001
"940","noadpt",0,751457.975174727
"941","noadpt",1,761547.746136972
"942","noadpt",0,751457.975174727
"943","noadpt",1,829820.687679101
"944","noadpt",0,824502.828003981
"945","noadpt",1,730218.451337969
"946","noadpt",0,719528.334342972
"947","noadpt",1,657607.602411448
"948","noadpt",0,636647.793048499
"949","noadpt",1,691104.88383546
"950","noadpt",0,677720.873979838
"951","noadpt",1,695999.642635981
"952","noadpt",0,685450.667784964
"953","noadpt",1,679523.011131175
"954","noadpt",0,657490.123460447
"955","noadpt",1,629873.024210441
"956","noadpt",0,620303.695448976
"957","noadpt",1,722301.704423525
"958","noadpt",0,712204.641906937
"959","noadpt",1,664568.344684225
"960","noadpt",0,622317.097915591
"961","noadpt",1,763846.809838711
"962","noadpt",0,703877.226958497
"963","noadpt",1,712574.754767247
"964","noadpt",0,685834.312160322
"965","noadpt",1,844787.910265652
"966","noadpt",0,846233.276263254
"967","noadpt",1,631528.451089107
"968","noadpt",0,620303.695448976
"969","noadpt",1,664987.190923586
"970","noadpt",0,628086.731066382
"971","noadpt",1,893183.966347257
"972","noadpt",0,897188.520075122
"973","noadpt",1,671736.302788376
"974","noadpt",0,632481.150403389
"975","noadpt",1,824541.018243847
"976","noadpt",0,817159.242868053
"977","noadpt",1,696285.074378135
"978","noadpt",0,690796.275508481
"979","noadpt",1,709055.111759752
"980","noadpt",0,693162.160170288
"981","noadpt",1,626984.422301058
"982","noadpt",0,620303.695448976
"983","noadpt",1,676422.156707117
"984","noadpt",0,673506.463989792
"985","noadpt",1,746725.660870355
"986","noadpt",0,740111.208475808
"987","noadpt",1,787465.40544046
"988","noadpt",0,782286.429212471
"989","noadpt",1,699232.704917237
"990","noadpt",0,678736.11780164
"991","noadpt",1,745686.80730249
"992","noadpt",0,740111.208475808
"993","noadpt",1,731184.823194458
"994","noadpt",0,719528.334342972
"995","noadpt",1,695273.596109485
"996","noadpt",0,632481.150403389
"997","noadpt",1,804802.038971447
"998","noadpt",0,787467.525798212
"999","noadpt",1,627442.04655748
"1000","noadpt",0,620303.695448976
"1001","noadpt",1,722055.429680631
"1002","noadpt",0,731837.438938878
"1003","noadpt",1,645789.662621007
"1004","noadpt",0,608155.111658862
"1005","noadpt",1,679498.207226047
"1006","noadpt",0,657490.123460447
"1007","noadpt",1,694350.211918055
"1008","noadpt",0,673188.698139431
"1009","noadpt",1,774161.017662159
"1010","noadpt",0,749666.805427564
"1011","noadpt",1,774999.138313372
"1012","noadpt",0,760526.4122432
"1013","noadpt",1,745163.594844217
"1014","noadpt",0,730601.522548079
"1015","noadpt",1,723818.687000546
"1016","noadpt",0,712859.64625358
"1017","noadpt",1,690602.437818496
"1018","noadpt",0,677720.873979838
"1019","noadpt",1,697076.495439984
"1020","noadpt",0,699663.268583966
"1021","noadpt",1,650963.988054277
"1022","noadpt",0,628086.731066382
"1023","noadpt",1,775128.377541765
"1024","noadpt",0,760526.4122432
"1025","noadpt",1,652890.296952902
"1026","noadpt",0,608155.111658862
"1027","noadpt",1,730245.748130562
"1028","noadpt",0,703877.226958497
"1029","noadpt",1,688298.176184134
"1030","noadpt",0,653480.193082727
"1031","noadpt",1,832501.284861579
"1032","noadpt",0,828919.473040528
"1033","noadpt",1,842389.36345585
"1034","noadpt",0,826049.914637322
"1035","noadpt",1,720357.971835013
"1036","noadpt",0,706383.359205162
"1037","noadpt",1,687315.811952388
"1038","noadpt",0,677720.873979838
"1039","noadpt",1,765897.376878308
"1040","noadpt",0,751457.975174727
"1041","noadpt",1,694863.485646971
"1042","noadpt",0,690796.275508481
"1043","noadpt",1,702838.941128477
"1044","noadpt",0,687154.478387915
"1045","noadpt",1,780050.716309173
"1046","noadpt",0,664779.003338193
"1047","noadpt",1,690471.489874913
"1048","noadpt",0,679485.728580517
"1049","noadpt",1,724976.517205418
"1050","noadpt",0,712859.64625358
"1051","noadpt",1,834680.110506075
"1052","noadpt",0,826049.914637322
"1053","noadpt",1,834058.221916167
"1054","noadpt",0,828919.473040528
"1055","noadpt",1,783048.507980229
"1056","noadpt",0,766805.050933618
"1057","noadpt",1,791812.263724359
"1058","noadpt",0,766805.050933618
"1059","noadpt",1,745455.557719755
"1060","noadpt",0,740111.208475808
"1061","noadpt",1,838993.982675655
"1062","noadpt",0,826049.914637322
"1063","noadpt",1,705933.602642284
"1064","noadpt",0,632481.150403389
"1065","noadpt",1,703375.428274171
"1066","noadpt",0,685450.667784964
"1067","noadpt",1,831064.496300864
"1068","noadpt",0,817159.242868053
"1069","noadpt",1,839737.316108073
"1070","noadpt",0,838841.852716036
"1071","noadpt",1,765968.341100844
"1072","noadpt",0,760005.314634856
"1073","noadpt",1,745487.161718362
"1074","noadpt",0,740111.208475808
"1075","noadpt",1,825530.830610854
"1076","noadpt",0,817159.242868053
"1077","noadpt",1,698691.377819296
"1078","noadpt",0,677720.873979838
"1079","noadpt",1,645756.192362382
"1080","noadpt",0,630627.317563799
"1081","noadpt",1,695482.766723088
"1082","noadpt",0,699663.268583966
"1083","noadpt",1,771426.782456316
"1084","noadpt",0,760526.4122432
"1085","noadpt",1,711244.879836269
"1086","noadpt",0,678417.417537953
"1087","noadpt",1,722405.108325851
"1088","noadpt",0,712859.64625358
"1089","noadpt",1,633693.569571572
"1090","noadpt",0,608155.111658862
"1091","noadpt",1,840613.546432668
"1092","noadpt",0,838841.852716036
"1093","noadpt",1,785858.524162213
"1094","noadpt",0,783742.847284909
"1095","noadpt",1,789115.886892153
"1096","noadpt",0,782286.429212471
"1097","noadpt",1,713073.41933449
"1098","noadpt",0,678736.11780164
"1099","noadpt",1,659425.406172942
"1100","noadpt",0,638941.263064015
"1101","noadpt",1,693863.985711151
"1102","noadpt",0,657490.123460447
"1103","noadpt",1,755707.4430028
"1104","noadpt",0,757037.762691061
"1105","noadpt",1,669484.724786748
"1106","noadpt",0,622317.097915591
"1107","noadpt",1,893451.28615412
"1108","noadpt",0,897188.520075122
"1109","noadpt",1,845058.113514419
"1110","noadpt",0,846233.276263254
"1111","noadpt",1,738489.626283676
"1112","noadpt",0,664779.003338193
"1113","noadpt",1,695690.173526206
"1114","noadpt",0,678736.11780164
"1115","noadpt",1,836334.968878291
"1116","noadpt",0,826049.914637322
"1117","noadpt",1,765639.976022186
"1118","noadpt",0,700932.031586051
"1119","noadpt",1,632945.386150208
"1120","noadpt",0,620303.695448976
"1121","noadpt",1,788930.742953053
"1122","noadpt",0,766805.050933618
"1123","noadpt",1,837320.646209089
"1124","noadpt",0,826049.914637322
"1125","noadpt",1,688393.946628534
"1126","noadpt",0,685643.171777129
"1127","noadpt",1,841555.814312714
"1128","noadpt",0,806088.962985393
"1129","noadpt",1,742312.657401495
"1130","noadpt",0,700932.031586051
"1131","noadpt",1,823414.4978582
"1132","noadpt",0,806088.962985393
"1133","noadpt",1,716057.901016574
"1134","noadpt",0,731837.438938878
"1135","noadpt",1,697839.833014878
"1136","noadpt",0,679485.728580517
"1137","noadpt",1,743084.307283708
"1138","noadpt",0,740111.208475808
"1139","noadpt",1,743976.733722491
"1140","noadpt",0,740111.208475808
"1141","noadpt",1,741477.449059961
"1142","noadpt",0,700932.031586051
"1143","noadpt",1,713685.839549501
"1144","noadpt",0,678417.417537953
"1145","noadpt",1,820181.982831012
"1146","noadpt",0,804432.570493911
"1147","noadpt",1,696095.386198268
"1148","noadpt",0,685450.667784964
"1149","noadpt",1,844691.298957536
"1150","noadpt",0,846233.276263254
"1151","noadpt",1,785045.3253526
"1152","noadpt",0,783742.847284909
"1153","noadpt",1,656957.600988899
"1154","noadpt",0,618218.458206874
"1155","noadpt",1,648306.34241655
"1156","noadpt",0,618218.458206874
"1157","noadpt",1,654141.283220398
"1158","noadpt",0,638941.263064015
"1159","noadpt",1,682123.021824165
"1160","noadpt",0,632481.150403389
"1161","noadpt",1,677992.370393391
"1162","noadpt",0,673506.463989792
"1163","noadpt",1,699906.074892784
"1164","noadpt",0,685450.667784964
"1165","noadpt",1,700486.099756983
"1166","noadpt",0,694983.59684805
"1167","noadpt",1,701823.503331479
"1168","noadpt",0,694983.59684805
"1169","noadpt",1,652500.959264704
"1170","noadpt",0,618218.458206874
"1171","noadpt",1,696617.86745894
"1172","noadpt",0,699663.268583966
"1173","noadpt",1,751587.45551503
"1174","noadpt",0,743994.819017379
"1175","noadpt",1,745790.606053615
"1176","noadpt",0,740111.208475808
"1177","noadpt",1,826952.267813602
"1178","noadpt",0,817159.242868053
"1179","noadpt",1,662218.720285387
"1180","noadpt",0,636647.793048499
"1181","noadpt",1,756348.589242708
"1182","noadpt",0,757037.762691061
"1183","noadpt",1,834761.32536229
"1184","noadpt",0,806088.962985393
"1185","noadpt",1,764319.308680057
"1186","noadpt",0,760005.314634856
"1187","noadpt",1,626577.109422534
"1188","noadpt",0,616615.923559374
"1189","noadpt",1,836716.19957949
"1190","noadpt",0,826049.914637322
"1191","noadpt",1,727283.555542587
"1192","noadpt",0,719528.334342972
"1193","noadpt",1,660058.650073755
"1194","noadpt",0,636647.793048499
"1195","noadpt",1,647059.685843252
"1196","noadpt",0,618218.458206874
"1197","noadpt",1,699795.29763564
"1198","noadpt",0,685450.667784964
"1199","noadpt",1,838702.573897675
"1200","noadpt",0,806088.962985393
"1201","noadpt",1,755716.893398992
"1202","noadpt",0,743994.819017379
"1203","noadpt",1,714677.798658544
"1204","noadpt",0,706383.359205162
"1205","noadpt",1,785194.829703215
"1206","noadpt",0,703877.226958497
"1207","noadpt",1,712447.846253486
"1208","noadpt",0,706383.359205162
"1209","noadpt",1,824183.59085252
"1210","noadpt",0,806088.962985393
"1211","noadpt",1,631324.061796772
"1212","noadpt",0,620303.695448976
"1213","noadpt",1,677070.862770435
"1214","noadpt",0,673506.463989792
"1215","noadpt",1,688344.602032195
"1216","noadpt",0,673188.698139431
"1217","noadpt",1,688275.04835061
"1218","noadpt",0,685643.171777129
"1219","noadpt",1,700498.9004707
"1220","noadpt",0,679485.728580517
"1221","noadpt",1,787147.050215943
"1222","noadpt",0,782286.429212471
"1223","noadpt",1,787737.367379621
"1224","noadpt",0,782286.429212471
"1225","noadpt",1,719379.001054806
"1226","noadpt",0,731837.438938878
"1227","noadpt",1,831826.617759065
"1228","noadpt",0,828919.473040528
"1229","noadpt",1,790091.789924012
"1230","noadpt",0,782286.429212471
"1231","noadpt",1,789084.080271604
"1232","noadpt",0,782286.429212471
"1233","noadpt",1,702160.097104346
"1234","noadpt",0,678736.11780164
"1235","noadpt",1,795477.226076251
"1236","noadpt",0,712551.44644416
"1237","noadpt",1,724466.422717045
"1238","noadpt",0,717842.93898144
"1239","noadpt",1,829031.949255628
"1240","noadpt",0,806088.962985393
"1241","noadpt",1,765583.461218309
"1242","noadpt",0,760005.314634856
"1243","noadpt",1,785393.159224639
"1244","noadpt",0,783742.847284909
"1245","noadpt",1,847844.020611268
"1246","noadpt",0,806088.962985393
"1247","noadpt",1,777915.383673486
"1248","noadpt",0,760526.4122432
"1249","noadpt",1,828488.684524026
"1250","noadpt",0,817159.242868053
"1251","noadpt",1,748334.515281666
"1252","noadpt",0,700932.031586051
"1253","noadpt",1,723134.375931107
"1254","noadpt",0,712204.641906937
"1255","noadpt",1,831810.539606892
"1256","noadpt",0,828919.473040528
"1257","noadpt",1,654533.476143083
"1258","noadpt",0,622317.097915591
"1259","noadpt",1,747162.33064429
"1260","noadpt",0,703877.226958497
"1261","noadpt",1,727400.463231981
"1262","noadpt",0,632481.150403389
"1263","noadpt",1,753403.801902859
"1264","noadpt",0,743994.819017379
"1265","noadpt",1,774606.793096864
"1266","noadpt",0,760526.4122432
"1267","noadpt",1,660048.816240502
"1268","noadpt",0,622317.097915591
"1269","noadpt",1,760493.204071932
"1270","noadpt",0,695540.807898523
"1271","noadpt",1,835044.594235225
"1272","noadpt",0,828919.473040528
"1273","noadpt",1,766018.400425555
"1274","noadpt",0,760005.314634856
"1275","noadpt",1,680892.087640286
"1276","noadpt",0,673188.698139431
"1277","noadpt",1,704917.215423314
"1278","noadpt",0,693162.160170288
"1279","noadpt",1,785243.02105846
"1280","noadpt",0,783742.847284909
"1281","noadpt",1,729565.661093915
"1282","noadpt",0,719528.334342972
"1283","noadpt",1,706126.354321068
"1284","noadpt",0,632481.150403389
"1285","noadpt",1,829313.697084762
"1286","noadpt",0,817159.242868053
"1287","noadpt",1,689206.952603973
"1288","noadpt",0,677720.873979838
"1289","noadpt",1,685976.43571291
"1290","noadpt",0,653480.193082727
"1291","noadpt",1,708192.41764406
"1292","noadpt",0,678736.11780164
"1293","noadpt",1,667334.876804822
"1294","noadpt",0,618218.458206874
"1295","noadpt",1,700126.70255085
"1296","noadpt",0,673188.698139431
"1297","noadpt",1,666851.506425144
"1298","noadpt",0,622317.097915591
"1299","noadpt",1,841021.264552367
"1300","noadpt",0,826049.914637322
"1301","noadpt",1,688725.886128702
"1302","noadpt",0,685643.171777129
"1303","noadpt",1,630505.551466151
"1304","noadpt",0,620303.695448976
"1305","noadpt",1,702155.336369501
"1306","noadpt",0,694983.59684805
"1307","noadpt",1,696746.947133551
"1308","noadpt",0,653480.193082727
"1309","noadpt",1,803678.877623514
"1310","noadpt",0,787467.525798212
"1311","noadpt",1,785418.950915176
"1312","noadpt",0,783742.847284909
"1313","noadpt",1,692105.579198132
"1314","noadpt",0,677720.873979838
"1315","noadpt",1,785345.398110332
"1316","noadpt",0,783742.847284909
"1317","noadpt",1,677641.587388592
"1318","noadpt",0,673506.463989792
"1319","noadpt",1,650427.041268008
"1320","noadpt",0,638941.263064015
"1321","noadpt",1,678177.370133805
"1322","noadpt",0,654672.898142723
"1323","noadpt",1,688243.21147193
"1324","noadpt",0,632481.150403389
"1325","noadpt",1,695419.142528006
"1326","noadpt",0,653480.193082727
"1327","noadpt",1,704175.748375963
"1328","noadpt",0,678417.417537953
"1329","noadpt",1,835884.994947828
"1330","noadpt",0,826049.914637322
"1331","noadpt",1,729793.245200769
"1332","noadpt",0,719528.334342972
"1333","noadpt",1,651474.173570521
"1334","noadpt",0,618218.458206874
"1335","noadpt",1,700153.898457847
"1336","noadpt",0,685450.667784964
"1337","noadpt",1,694539.207545325
"1338","noadpt",0,677720.873979838
"1339","noadpt",1,741308.08924547
"1340","noadpt",0,700932.031586051
"1341","noadpt",1,839781.609362563
"1342","noadpt",0,826049.914637322
"1343","noadpt",1,660506.497745913
"1344","noadpt",0,636647.793048499
"1345","noadpt",1,836149.381839132
"1346","noadpt",0,828919.473040528
"1347","noadpt",1,683682.557413296
"1348","noadpt",0,657490.123460447
"1349","noadpt",1,711495.194375475
"1350","noadpt",0,685834.312160322
"1351","noadpt",1,772887.843301046
"1352","noadpt",0,760526.4122432
"1353","noadpt",1,706393.957610958
"1354","noadpt",0,685450.667784964
"1355","noadpt",1,687957.866841319
"1356","noadpt",0,685643.171777129
"1357","noadpt",1,835830.670634759
"1358","noadpt",0,828919.473040528
"1359","noadpt",1,682887.542400716
"1360","noadpt",0,673188.698139431
"1361","noadpt",1,840490.574423704
"1362","noadpt",0,838841.852716036
"1363","noadpt",1,741278.883971282
"1364","noadpt",0,730601.522548079
"1365","noadpt",1,702925.507901549
"1366","noadpt",0,694983.59684805
"1367","noadpt",1,713441.425000221
"1368","noadpt",0,685834.312160322
"1369","noadpt",1,704455.651728381
"1370","noadpt",0,678736.11780164
"1371","noadpt",1,691112.944707882
"1372","noadpt",0,677720.873979838
"1373","noadpt",1,784692.609795157
"1374","noadpt",0,766805.050933618
"1375","noadpt",1,712465.70733486
"1376","noadpt",0,685834.312160322
"1377","noadpt",1,756107.390974068
"1378","noadpt",0,757037.762691061
"1379","noadpt",1,673603.058115057
"1380","noadpt",0,622317.097915591
"1381","noadpt",1,657615.597729732
"1382","noadpt",0,638941.263064015
"1383","noadpt",1,676489.615314222
"1384","noadpt",0,673506.463989792
"1385","noadpt",1,826463.946568002
"1386","noadpt",0,806088.962985393
"1387","noadpt",1,835728.274913994
"1388","noadpt",0,824502.828003981
"1389","noadpt",1,756128.711281216
"1390","noadpt",0,757037.762691061
"1391","noadpt",1,687531.095980111
"1392","noadpt",0,685643.171777129
"1393","noadpt",1,807781.44472941
"1394","noadpt",0,787467.525798212
"1395","noadpt",1,723029.067858229
"1396","noadpt",0,712204.641906937
"1397","noadpt",1,696146.606079653
"1398","noadpt",0,690796.275508481
"1399","noadpt",1,767496.619143226
"1400","noadpt",0,749666.805427564
"1401","noadpt",1,625999.385885546
"1402","noadpt",0,616615.923559374
"1403","noadpt",1,810477.349658428
"1404","noadpt",0,787467.525798212
"1405","noadpt",1,658339.39490722
"1406","noadpt",0,638941.263064015
"1407","noadpt",1,751130.726326397
"1408","noadpt",0,743994.819017379
"1409","noadpt",1,666237.932351045
"1410","noadpt",0,651619.422788467
"1411","noadpt",1,771806.797583226
"1412","noadpt",0,749666.805427564
"1413","noadpt",1,819064.801979205
"1414","noadpt",0,806088.962985393
"1415","noadpt",1,834662.291295701
"1416","noadpt",0,824502.828003981
"1417","noadpt",1,770750.090296566
"1418","noadpt",0,749666.805427564
"1419","noadpt",1,660985.61774642
"1420","noadpt",0,638941.263064015
"1421","noadpt",1,828375.248862165
"1422","noadpt",0,806088.962985393
"1423","noadpt",1,723408.952625745
"1424","noadpt",0,731837.438938878
"1425","noadpt",1,765404.117918671
"1426","noadpt",0,712551.44644416
"1427","noadpt",1,705219.105169692
"1428","noadpt",0,687154.478387915
"1429","noadpt",1,789256.822386024
"1430","noadpt",0,766805.050933618
"1431","noadpt",1,718563.591607367
"1432","noadpt",0,706383.359205162
"1433","noadpt",1,680467.333836726
"1434","noadpt",0,632481.150403389
"1435","noadpt",1,813330.396533487
"1436","noadpt",0,787467.525798212
"1437","noadpt",1,696423.09079809
"1438","noadpt",0,679485.728580517
"1439","noadpt",1,660416.494238217
"1440","noadpt",0,628086.731066382
"1441","noadpt",1,844959.546139756
"1442","noadpt",0,846233.276263254
"1443","noadpt",1,744713.971127163
"1444","noadpt",0,730601.522548079
"1445","noadpt",1,721320.393055181
"1446","noadpt",0,731837.438938878
"1447","noadpt",1,845182.079360368
"1448","noadpt",0,846233.276263254
"1449","noadpt",1,720990.095682553
"1450","noadpt",0,712204.641906937
"1451","noadpt",1,780897.001415939
"1452","noadpt",0,760526.4122432
"1453","noadpt",1,690149.855118744
"1454","noadpt",0,677720.873979838
"1455","noadpt",1,748733.45409693
"1456","noadpt",0,695540.807898523
"1457","noadpt",1,805451.092605302
"1458","noadpt",0,794991.793533793
"1459","noadpt",1,801490.186016691
"1460","noadpt",0,794991.793533793
"1461","noadpt",1,835326.60942046
"1462","noadpt",0,828919.473040528
"1463","noadpt",1,731647.064713465
"1464","noadpt",0,719528.334342972
"1465","noadpt",1,737614.683663285
"1466","noadpt",0,695540.807898523
"1467","noadpt",1,746181.993526771
"1468","noadpt",0,740111.208475808
"1469","noadpt",1,694365.884636931
"1470","noadpt",0,685450.667784964
"1471","noadpt",1,693325.740437467
"1472","noadpt",0,677720.873979838
"1473","noadpt",1,755251.460610223
"1474","noadpt",0,664779.003338193
"1475","noadpt",1,653740.000223139
"1476","noadpt",0,638941.263064015
"1477","noadpt",1,626930.145064515
"1478","noadpt",0,616615.923559374
"1479","noadpt",1,730790.988485883
"1480","noadpt",0,695540.807898523
"1481","noadpt",1,765777.140588624
"1482","noadpt",0,664779.003338193
"1483","noadpt",1,692257.097978065
"1484","noadpt",0,673188.698139431
"1485","noadpt",1,771318.229711734
"1486","noadpt",0,749666.805427564
"1487","noadpt",1,739058.586872597
"1488","noadpt",0,695540.807898523
"1489","noadpt",1,701116.696581766
"1490","noadpt",0,678736.11780164
"1491","noadpt",1,706621.062565127
"1492","noadpt",0,685450.667784964
"1493","noadpt",1,694139.321670022
"1494","noadpt",0,673188.698139431
"1495","noadpt",1,669245.619455615
"1496","noadpt",0,654672.898142723
"1497","noadpt",1,755667.080786273
"1498","noadpt",0,757037.762691061
"1499","noadpt",1,704199.983169583
"1500","noadpt",0,685450.667784964
"1501","noadpt",1,705102.036110269
"1502","noadpt",0,694983.59684805
"1503","noadpt",1,697360.244453964
"1504","noadpt",0,699663.268583966
"1505","noadpt",1,751915.912248493
"1506","noadpt",0,743994.819017379
"1507","noadpt",1,840345.703638396
"1508","noadpt",0,838841.852716036
"1509","noadpt",1,672217.446815439
"1510","noadpt",0,651619.422788467
"1511","noadpt",1,775707.112501955
"1512","noadpt",0,760526.4122432
"1513","noadpt",1,784391.127524275
"1514","noadpt",0,766805.050933618
"1515","noadpt",1,632417.885166557
"1516","noadpt",0,620303.695448976
"1517","noadpt",1,785449.808919436
"1518","noadpt",0,783742.847284909
"1519","noadpt",1,786064.27155086
"1520","noadpt",0,783742.847284909
"1521","noadpt",1,786110.868439029
"1522","noadpt",0,783742.847284909
"1523","noadpt",1,729249.786687034
"1524","noadpt",0,712859.64625358
"1525","noadpt",1,695162.956558073
"1526","noadpt",0,677720.873979838
"1527","noadpt",1,723143.776411751
"1528","noadpt",0,712204.641906937
"1529","noadpt",1,681202.130433623
"1530","noadpt",0,668923.87678782
"1531","noadpt",1,740110.757101425
"1532","noadpt",0,730601.522548079
"1533","noadpt",1,833350.872006166
"1534","noadpt",0,824502.828003981
"1535","noadpt",1,709416.496989116
"1536","noadpt",0,693162.160170288
"1537","noadpt",1,697192.934287282
"1538","noadpt",0,699663.268583966
"1539","noadpt",1,697048.189614825
"1540","noadpt",0,699663.268583966
"1541","noadpt",1,707108.494917014
"1542","noadpt",0,685450.667784964
"1543","noadpt",1,652733.727111924
"1544","noadpt",0,636647.793048499
"1545","noadpt",1,747642.080158946
"1546","noadpt",0,703877.226958497
"1547","noadpt",1,664367.931178679
"1548","noadpt",0,618218.458206874
"1549","noadpt",1,706781.826826759
"1550","noadpt",0,693162.160170288
"1551","noadpt",1,689366.110230828
"1552","noadpt",0,685643.171777129
"1553","noadpt",1,646932.559214237
"1554","noadpt",0,622317.097915591
"1555","noadpt",1,656817.711714429
"1556","noadpt",0,630627.317563799
"1557","noadpt",1,680075.759031767
"1558","noadpt",0,654672.898142723
"1559","noadpt",1,717184.191619512
"1560","noadpt",0,706383.359205162
"1561","noadpt",1,677250.079339338
"1562","noadpt",0,673506.463989792
"1563","noadpt",1,694747.969233977
"1564","noadpt",0,679485.728580517
"1565","noadpt",1,745280.789397464
"1566","noadpt",0,740111.208475808
"1567","noadpt",1,753462.647778693
"1568","noadpt",0,743994.819017379
"1569","noadpt",1,772058.629906165
"1570","noadpt",0,760526.4122432
"1571","noadpt",1,654129.47996218
"1572","noadpt",0,638941.263064015
"1573","noadpt",1,695823.053599734
"1574","noadpt",0,699663.268583966
"1575","noadpt",1,664723.523270193
"1576","noadpt",0,622317.097915591
"1577","noadpt",1,708457.897698572
"1578","noadpt",0,693162.160170288
"1579","noadpt",1,704451.618522502
"1580","noadpt",0,678417.417537953
"1581","noadpt",1,750533.58466701
"1582","noadpt",0,730601.522548079
"1583","noadpt",1,838124.00283101
"1584","noadpt",0,826049.914637322
"1585","noadpt",1,669534.845419259
"1586","noadpt",0,654672.898142723
"1587","noadpt",1,693847.164389633
"1588","noadpt",0,673188.698139431
"1589","noadpt",1,786017.13904788
"1590","noadpt",0,782286.429212471
"1591","noadpt",1,755433.482522607
"1592","noadpt",0,743994.819017379
"1593","noadpt",1,835502.14152467
"1594","noadpt",0,826049.914637322
"1595","noadpt",1,676448.55111955
"1596","noadpt",0,668923.87678782
"1597","noadpt",1,741514.684499781
"1598","noadpt",0,730601.522548079
"1599","noadpt",1,650854.078489269
"1600","noadpt",0,630627.317563799
"1601","noadpt",1,836079.142275408
"1602","noadpt",0,828919.473040528
"1603","noadpt",1,741161.442679778
"1604","noadpt",0,730601.522548079
"1605","noadpt",1,791415.573907102
"1606","noadpt",0,766805.050933618
"1607","noadpt",1,696548.384735349
"1608","noadpt",0,699663.268583966
"1609","noadpt",1,849250.153359075
"1610","noadpt",0,806088.962985393
"1611","noadpt",1,683501.769231045
"1612","noadpt",0,657490.123460447
"1613","noadpt",1,785462.673051411
"1614","noadpt",0,712551.44644416
"1615","noadpt",1,840919.097166173
"1616","noadpt",0,806088.962985393
"1617","noadpt",1,839989.294103869
"1618","noadpt",0,838841.852716036
"1619","noadpt",1,831803.029571826
"1620","noadpt",0,817159.242868053
"1621","noadpt",1,629243.813948016
"1622","noadpt",0,620303.695448976
"1623","noadpt",1,695761.628631995
"1624","noadpt",0,699663.268583966
"1625","noadpt",1,768684.67478835
"1626","noadpt",0,749666.805427564
"1627","noadpt",1,655746.22035331
"1628","noadpt",0,638941.263064015
"1629","noadpt",1,726698.776697167
"1630","noadpt",0,664779.003338193
"1631","noadpt",1,688277.1342279
"1632","noadpt",0,685643.171777129
"1633","noadpt",1,687832.795586412
"1634","noadpt",0,685643.171777129
"1635","noadpt",1,752368.049488115
"1636","noadpt",0,703877.226958497
"1637","noadpt",1,722110.646680012
"1638","noadpt",0,712204.641906937
"1639","noadpt",1,722832.352563706
"1640","noadpt",0,712204.641906937
"1641","noadpt",1,677682.151722588
"1642","noadpt",0,673506.463989792
"1643","noadpt",1,746980.908328606
"1644","noadpt",0,740111.208475808
"1645","noadpt",1,759008.310552321
"1646","noadpt",0,700932.031586051
"1647","noadpt",1,703335.904100694
"1648","noadpt",0,698903.068459784
"1649","noadpt",1,840386.860397092
"1650","noadpt",0,838841.852716036
"1651","noadpt",1,707386.227245236
"1652","noadpt",0,687154.478387915
"1653","noadpt",1,657558.116326024
"1654","noadpt",0,630627.317563799
"1655","noadpt",1,756396.269870859
"1656","noadpt",0,757037.762691061
"1657","noadpt",1,694013.91900886
"1658","noadpt",0,673188.698139431
"1659","noadpt",1,755667.732603926
"1660","noadpt",0,664779.003338193
"1661","noadpt",1,631514.825117757
"1662","noadpt",0,616615.923559374
"1663","noadpt",1,708844.038851031
"1664","noadpt",0,693162.160170288
"1665","noadpt",1,724527.821912955
"1666","noadpt",0,717842.93898144
"1667","noadpt",1,786336.291692483
"1668","noadpt",0,783742.847284909
"1669","noadpt",1,774859.644551586
"1670","noadpt",0,749666.805427564
"1671","noadpt",1,693398.605811413
"1672","noadpt",0,679485.728580517
"1673","noadpt",1,844998.039968015
"1674","noadpt",0,806088.962985393
"1675","noadpt",1,648751.322828321
"1676","noadpt",0,618218.458206874
"1677","noadpt",1,750814.365610929
"1678","noadpt",0,743994.819017379
"1679","noadpt",1,693567.600902297
"1680","noadpt",0,657490.123460447
"1681","noadpt",1,762223.492160669
"1682","noadpt",0,695540.807898523
"1683","noadpt",1,755802.295415082
"1684","noadpt",0,757037.762691061
"1685","noadpt",1,840573.211819389
"1686","noadpt",0,838841.852716036
"1687","noadpt",1,840066.2412946
"1688","noadpt",0,838841.852716036
"1689","noadpt",1,631768.476698292
"1690","noadpt",0,616615.923559374
"1691","noadpt",1,630599.122229317
"1692","noadpt",0,620303.695448976
"1693","noadpt",1,721113.896001847
"1694","noadpt",0,706383.359205162
"1695","noadpt",1,696645.503860529
"1696","noadpt",0,699663.268583966
"1697","noadpt",1,773074.028500497
"1698","noadpt",0,700932.031586051
"1699","noadpt",1,739698.738599452
"1700","noadpt",0,695540.807898523
"1701","noadpt",1,820617.243021988
"1702","noadpt",0,804432.570493911
"1703","noadpt",1,752645.352710367
"1704","noadpt",0,743994.819017379
"1705","noadpt",1,657189.917902389
"1706","noadpt",0,636647.793048499
"1707","noadpt",1,741491.0071504
"1708","noadpt",0,730601.522548079
"1709","noadpt",1,760126.422823769
"1710","noadpt",0,700932.031586051
"1711","noadpt",1,674585.693885807
"1712","noadpt",0,654672.898142723
"1713","noadpt",1,713398.969891383
"1714","noadpt",0,632481.150403389
"1715","noadpt",1,637148.44836636
"1716","noadpt",0,618218.458206874
"1717","noadpt",1,817218.010895848
"1718","noadpt",0,787467.525798212
"1719","noadpt",1,689658.925152266
"1720","noadpt",0,679485.728580517
"1721","noadpt",1,828005.769556525
"1722","noadpt",0,804432.570493911
"1723","noadpt",1,810868.003958642
"1724","noadpt",0,787467.525798212
"1725","noadpt",1,691423.430172896
"1726","noadpt",0,679485.728580517
"1727","noadpt",1,632843.653029708
"1728","noadpt",0,616615.923559374
"1729","noadpt",1,891122.429800925
"1730","noadpt",0,897188.520075122
"1731","noadpt",1,834478.827998142
"1732","noadpt",0,828919.473040528
"1733","noadpt",1,694254.993028345
"1734","noadpt",0,690796.275508481
"1735","noadpt",1,730404.523173113
"1736","noadpt",0,719528.334342972
"1737","noadpt",1,662204.934132933
"1738","noadpt",0,638941.263064015
"1739","noadpt",1,691815.240443735
"1740","noadpt",0,679485.728580517
"1741","noadpt",1,775558.534776687
"1742","noadpt",0,749666.805427564
"1743","noadpt",1,748839.033671034
"1744","noadpt",0,730601.522548079
"1745","noadpt",1,646576.310019744
"1746","noadpt",0,630627.317563799
"1747","noadpt",1,694685.20918318
"1748","noadpt",0,690796.275508481
"1749","noadpt",1,781375.530420673
"1750","noadpt",0,760526.4122432
"1751","noadpt",1,840046.355512461
"1752","noadpt",0,838841.852716036
"1753","noadpt",1,647823.511014827
"1754","noadpt",0,608155.111658862
"1755","noadpt",1,701913.565899504
"1756","noadpt",0,657490.123460447
"1757","noadpt",1,660824.762454002
"1758","noadpt",0,636647.793048499
"1759","noadpt",1,661927.251094624
"1760","noadpt",0,628086.731066382
"1761","noadpt",1,669968.204530543
"1762","noadpt",0,651619.422788467
"1763","noadpt",1,892851.061948876
"1764","noadpt",0,897188.520075122
"1765","noadpt",1,833515.009460922
"1766","noadpt",0,828919.473040528
"1767","noadpt",1,745216.846402041
"1768","noadpt",0,730601.522548079
"1769","noadpt",1,830282.380736475
"1770","noadpt",0,806088.962985393
"1771","noadpt",1,645563.158330527
"1772","noadpt",0,622317.097915591
"1773","noadpt",1,763319.903638945
"1774","noadpt",0,703877.226958497
"1775","noadpt",1,763096.990372687
"1776","noadpt",0,700932.031586051
"1777","noadpt",1,690077.631505523
"1778","noadpt",0,677720.873979838
"1779","noadpt",1,700021.106153477
"1780","noadpt",0,657490.123460447
"1781","noadpt",1,641408.232560262
"1782","noadpt",0,608155.111658862
"1783","noadpt",1,840129.974474793
"1784","noadpt",0,838841.852716036
"1785","noadpt",1,733711.418546871
"1786","noadpt",0,719528.334342972
"1787","noadpt",1,724532.894784795
"1788","noadpt",0,717842.93898144
"1789","noadpt",1,844762.70592255
"1790","noadpt",0,846233.276263254
"1791","noadpt",1,833384.452114655
"1792","noadpt",0,828919.473040528
"1793","noadpt",1,690462.248207245
"1794","noadpt",0,673188.698139431
"1795","noadpt",1,628455.229846374
"1796","noadpt",0,620303.695448976
"1797","noadpt",1,785948.593009788
"1798","noadpt",0,782286.429212471
"1799","noadpt",1,704749.269731234
"1800","noadpt",0,698903.068459784
"1801","noadpt",1,709818.895446502
"1802","noadpt",0,698903.068459784
"1803","noadpt",1,804698.096924985
"1804","noadpt",0,794991.793533793
"1805","noadpt",1,787908.819708127
"1806","noadpt",0,782286.429212471
"1807","noadpt",1,735506.406191678
"1808","noadpt",0,695540.807898523
"1809","noadpt",1,674188.799888822
"1810","noadpt",0,654672.898142723
"1811","noadpt",1,756031.949383211
"1812","noadpt",0,757037.762691061
"1813","noadpt",1,691852.552697191
"1814","noadpt",0,679485.728580517
"1815","noadpt",1,661524.334580433
"1816","noadpt",0,630627.317563799
"1817","noadpt",1,721639.921898085
"1818","noadpt",0,712859.64625358
"1819","noadpt",1,756038.940461045
"1820","noadpt",0,757037.762691061
"1821","noadpt",1,649207.635481866
"1822","noadpt",0,608155.111658862
"1823","noadpt",1,688922.031630774
"1824","noadpt",0,673188.698139431
"1825","noadpt",1,742355.145074855
"1826","noadpt",0,664779.003338193
"1827","noadpt",1,781722.80908155
"1828","noadpt",0,766805.050933618
"1829","noadpt",1,835364.463366116
"1830","noadpt",0,824502.828003981
"1831","noadpt",1,803759.301722333
"1832","noadpt",0,794991.793533793
"1833","noadpt",1,697324.431746652
"1834","noadpt",0,678417.417537953
"1835","noadpt",1,694123.722103488
"1836","noadpt",0,690796.275508481
"1837","noadpt",1,704141.078724486
"1838","noadpt",0,685450.667784964
"1839","noadpt",1,682799.039908547
"1840","noadpt",0,673188.698139431
"1841","noadpt",1,733109.059461021
"1842","noadpt",0,719528.334342972
"1843","noadpt",1,777798.371597257
"1844","noadpt",0,712551.44644416
"1845","noadpt",1,752818.871987135
"1846","noadpt",0,743994.819017379
"1847","noadpt",1,653114.612310787
"1848","noadpt",0,636647.793048499
"1849","noadpt",1,743105.594665727
"1850","noadpt",0,740111.208475808
"1851","noadpt",1,688937.997429493
"1852","noadpt",0,685643.171777129
"1853","noadpt",1,630226.557782581
"1854","noadpt",0,620303.695448976
"1855","noadpt",1,703858.945904435
"1856","noadpt",0,685450.667784964
"1857","noadpt",1,658078.612534412
"1858","noadpt",0,636647.793048499
"1859","noadpt",1,680765.799909763
"1860","noadpt",0,668923.87678782
"1861","noadpt",1,766497.262186223
"1862","noadpt",0,751457.975174727
"1863","noadpt",1,724714.277750684
"1864","noadpt",0,712859.64625358
"1865","noadpt",1,805184.434384959
"1866","noadpt",0,794991.793533793
"1867","noadpt",1,764243.326790473
"1868","noadpt",0,751457.975174727
"1869","noadpt",1,672829.700823851
"1870","noadpt",0,654672.898142723
"1871","noadpt",1,629212.673551703
"1872","noadpt",0,620303.695448976
"1873","noadpt",1,748689.726324242
"1874","noadpt",0,664779.003338193
"1875","noadpt",1,714356.108811316
"1876","noadpt",0,706383.359205162
"1877","noadpt",1,785858.844684449
"1878","noadpt",0,712551.44644416
"1879","noadpt",1,724401.196574606
"1880","noadpt",0,712859.64625358
"1881","noadpt",1,700849.173097649
"1882","noadpt",0,673188.698139431
"1883","noadpt",1,679210.284903298
"1884","noadpt",0,651619.422788467
"1885","noadpt",1,655991.27796212
"1886","noadpt",0,636647.793048499
"1887","noadpt",1,785756.474438775
"1888","noadpt",0,783742.847284909
"1889","noadpt",1,762011.82068226
"1890","noadpt",0,751457.975174727
"1891","noadpt",1,688956.299113889
"1892","noadpt",0,657490.123460447
"1893","noadpt",1,844903.530918975
"1894","noadpt",0,846233.276263254
"1895","noadpt",1,789964.060194538
"1896","noadpt",0,782286.429212471
"1897","noadpt",1,812463.55865888
"1898","noadpt",0,787467.525798212
"1899","noadpt",1,765390.354860713
"1900","noadpt",0,751457.975174727
"1901","noadpt",1,694283.336401027
"1902","noadpt",0,677720.873979838
"1903","noadpt",1,690876.719892083
"1904","noadpt",0,679485.728580517
"1905","noadpt",1,752867.48540884
"1906","noadpt",0,712551.44644416
"1907","noadpt",1,722502.974815689
"1908","noadpt",0,717842.93898144
"1909","noadpt",1,820592.69132435
"1910","noadpt",0,804432.570493911
"1911","noadpt",1,722223.0277403
"1912","noadpt",0,717842.93898144
"1913","noadpt",1,678399.018319545
"1914","noadpt",0,651619.422788467
"1915","noadpt",1,809890.763511743
"1916","noadpt",0,787467.525798212
"1917","noadpt",1,722464.288723296
"1918","noadpt",0,712204.641906937
"1919","noadpt",1,761386.84922784
"1920","noadpt",0,749666.805427564
"1921","noadpt",1,701114.494911741
"1922","noadpt",0,679485.728580517
"1923","noadpt",1,825860.598035961
"1924","noadpt",0,817159.242868053
"1925","noadpt",1,710099.196089019
"1926","noadpt",0,678736.11780164
"1927","noadpt",1,629831.924047521
"1928","noadpt",0,620303.695448976
"1929","noadpt",1,845636.456758217
"1930","noadpt",0,846233.276263254
"1931","noadpt",1,781873.204192144
"1932","noadpt",0,766805.050933618
"1933","noadpt",1,838581.80841952
"1934","noadpt",0,806088.962985393
"1935","noadpt",1,727320.841348666
"1936","noadpt",0,664779.003338193
"1937","noadpt",1,659155.294673369
"1938","noadpt",0,636647.793048499
"1939","noadpt",1,696276.907824534
"1940","noadpt",0,699663.268583966
"1941","noadpt",1,841540.675299
"1942","noadpt",0,826049.914637322
"1943","noadpt",1,706131.233812125
"1944","noadpt",0,687154.478387915
"1945","noadpt",1,722074.861803101
"1946","noadpt",0,712859.64625358
"1947","noadpt",1,715889.809533148
"1948","noadpt",0,685834.312160322
"1949","noadpt",1,707738.169390264
"1950","noadpt",0,693162.160170288
"1951","noadpt",1,683457.723649077
"1952","noadpt",0,651619.422788467
"1953","noadpt",1,652987.741639819
"1954","noadpt",0,630627.317563799
"1955","noadpt",1,805588.856732608
"1956","noadpt",0,794991.793533793
"1957","noadpt",1,667443.995472935
"1958","noadpt",0,632481.150403389
"1959","noadpt",1,730137.038030913
"1960","noadpt",0,695540.807898523
"1961","noadpt",1,653319.161977451
"1962","noadpt",0,618218.458206874
"1963","noadpt",1,760503.353950417
"1964","noadpt",0,751457.975174727
"1965","noadpt",1,717920.045064178
"1966","noadpt",0,685834.312160322
"1967","noadpt",1,729829.538254803
"1968","noadpt",0,664779.003338193
"1969","noadpt",1,754100.210460771
"1970","noadpt",0,743994.819017379
"1971","noadpt",1,756127.444093306
"1972","noadpt",0,757037.762691061
"1973","noadpt",1,715919.977876275
"1974","noadpt",0,685834.312160322
"1975","noadpt",1,705950.12749495
"1976","noadpt",0,694983.59684805
"1977","noadpt",1,688049.002270708
"1978","noadpt",0,673188.698139431
"1979","noadpt",1,840076.784607036
"1980","noadpt",0,838841.852716036
"1981","noadpt",1,829009.878696193
"1982","noadpt",0,824502.828003981
"1983","noadpt",1,733046.397060035
"1984","noadpt",0,719528.334342972
"1985","noadpt",1,681309.4808595
"1986","noadpt",0,653480.193082727
"1987","noadpt",1,737498.449778042
"1988","noadpt",0,700932.031586051
"1989","noadpt",1,748179.109391941
"1990","noadpt",0,700932.031586051
"1991","noadpt",1,723423.805402002
"1992","noadpt",0,712859.64625358
"1993","noadpt",1,782749.088934762
"1994","noadpt",0,766805.050933618
"1995","noadpt",1,626934.92261648
"1996","noadpt",0,620303.695448976
"1997","noadpt",1,714896.183710148
"1998","noadpt",0,706383.359205162
"1999","noadpt",1,646922.434905434
"2000","noadpt",0,608155.111658862
